<?xml version="1.0"?>
<!--
  Licensed under the Apache License, Version 2.0 (the "License");
  you may not use this file except in compliance with the License.
  You may obtain a copy of the License at

    http://www.apache.org/licenses/LICENSE-2.0

  Unless required by applicable law or agreed to in writing, software
  distributed under the License is distributed on an "AS IS" BASIS,
  WITHOUT WARRANTIES OR CONDITIONS OF ANY KIND, either express or implied.
  See the License for the specific language governing permissions and
  limitations under the License. See accompanying LICENSE file.
-->
<configuration>
   <!-- Single hostname that can be set in place of setting all
    yarn.resourcemanager*address resources. Results in default ports
    for ResourceManager components: scheduler - 8030, resource-tracker - 8031,
    resourcemanager - 8032, admin - 8033, webapp - 8088. -->
    <property>
        <name>yarn.resourcemanager.hostname</name>
        <value>master</value>
    </property>
    <!-- Shuffle service that needs to be set for Map Reduce applications. -->
    <property>
        <name>yarn.nodemanager.aux-services</name>
        <value>mapreduce_shuffle</value>
    </property>
</configuration>
